chapter,section
Chapter 1: Organization of the Body,
Chapter 1: Organization of the Body,
Chapter 1: Organization of the Body,
Chapter 1: Organization of the Body,
Chapter 1: Organization of the Body,
Chapter 1: Organization of the Body,
Chapter 1: Organization of the Body,
Chapter 1: Organization of the Body,
Chapter 1: Organization of the Body,
Chapter 1: Organization of the Body,
Chapter 1: Organization of the Body,
Chapter 1: Organization of the Body,
Chapter 1: Organization of the Body,
Chapter 1: Organization of the Body,
Chapter 1: Organization of the Body,
Chapter 1: Organization of the Body,
Chapter 1: Organization of the Body,
Chapter 1: Organization of the Body,
Chapter 1: Organization of the Body,
Chapter 1: Organization of the Body,
Chapter 1: Organization of the Body,
Chapter 1: Organization of the Body,
Chapter 1: Organization of the Body,
Chapter 1: Organization of the Body,
Chapter 2: Cells and Tissues,
Chapter 2: Cells and Tissues,
Chapter 2: Cells and Tissues,
Chapter 2: Cells and Tissues,
Chapter 2: Cells and Tissues,
Chapter 2: Cells and Tissues,
Chapter 2: Cells and Tissues,
Chapter 2: Cells and Tissues,
Chapter 2: Cells and Tissues,
Chapter 2: Cells and Tissues,
Chapter 2: Cells and Tissues,
Chapter 2: Cells and Tissues,
Chapter 2: Cells and Tissues,
Chapter 2: Cells and Tissues,
Chapter 2: Cells and Tissues,
Chapter 2: Cells and Tissues,
Chapter 2: Cells and Tissues,
Chapter 2: Cells and Tissues,
Chapter 2: Cells and Tissues,
Chapter 2: Cells and Tissues,
Chapter 2: Cells and Tissues,
Chapter 2: Cells and Tissues,
Chapter 2: Cells and Tissues,
"Chapter 3: Measurement, Errors and Data",
"Chapter 3: Measurement, Errors and Data",
"Chapter 3: Measurement, Errors and Data",
"Chapter 3: Measurement, Errors and Data",
"Chapter 3: Measurement, Errors and Data",
"Chapter 3: Measurement, Errors and Data",
"Chapter 3: Measurement, Errors and Data",
"Chapter 3: Measurement, Errors and Data",
"Chapter 3: Measurement, Errors and Data",
"Chapter 3: Measurement, Errors and Data",
"Chapter 3: Measurement, Errors and Data",
"Chapter 3: Measurement, Errors and Data",
"Chapter 3: Measurement, Errors and Data",
"Chapter 3: Measurement, Errors and Data",
"Chapter 3: Measurement, Errors and Data",
"Chapter 3: Measurement, Errors and Data",
"Chapter 3: Measurement, Errors and Data",
"Chapter 3: Measurement, Errors and Data",
"Chapter 3: Measurement, Errors and Data",
"Chapter 3: Measurement, Errors and Data",
"Chapter 3: Measurement, Errors and Data",
"Chapter 3: Measurement, Errors and Data",
"Chapter 3: Measurement, Errors and Data",
"Chapter 3: Measurement, Errors and Data",
"Chapter 3: Measurement, Errors and Data",
"Chapter 3: Measurement, Errors and Data",
"Chapter 3: Measurement, Errors and Data",
"Chapter 3: Measurement, Errors and Data",
"Chapter 3: Measurement, Errors and Data",
"Chapter 3: Measurement, Errors and Data",
"Chapter 3: Measurement, Errors and Data",
Chapter 4: Chemistry for Physiology,
Chapter 4: Chemistry for Physiology,
Chapter 4: Chemistry for Physiology,
Chapter 4: Chemistry for Physiology,
Chapter 4: Chemistry for Physiology,
Chapter 4: Chemistry for Physiology,
Chapter 4: Chemistry for Physiology,
Chapter 4: Chemistry for Physiology,
Chapter 4: Chemistry for Physiology,
Chapter 4: Chemistry for Physiology,
Chapter 4: Chemistry for Physiology,
Chapter 4: Chemistry for Physiology,
Chapter 4: Chemistry for Physiology,
Chapter 4: Chemistry for Physiology,
Chapter 4: Chemistry for Physiology,
Chapter 4: Chemistry for Physiology,
Chapter 4: Chemistry for Physiology,
Chapter 4: Chemistry for Physiology,
Chapter 4: Chemistry for Physiology,
Chapter 4: Chemistry for Physiology,
Chapter 4: Chemistry for Physiology,
Chapter 4: Chemistry for Physiology,
Chapter 4: Chemistry for Physiology,
Chapter 4: Chemistry for Physiology,
Chapter 4: Chemistry for Physiology,
Chapter 4: Chemistry for Physiology,
Chapter 4: Chemistry for Physiology,
Chapter 4: Chemistry for Physiology,
Chapter 4: Chemistry for Physiology,
Chapter 4: Chemistry for Physiology,
Chapter 4: Chemistry for Physiology,
Chapter 4: Chemistry for Physiology,
Chapter 4: Chemistry for Physiology,
Chapter 4: Chemistry for Physiology,
Chapter 4: Chemistry for Physiology,
Chapter 4: Chemistry for Physiology,
Chapter 4: Chemistry for Physiology,
Chapter 4: Chemistry for Physiology,
Chapter 4: Chemistry for Physiology,
Chapter 4: Chemistry for Physiology,
Chapter 4: Chemistry for Physiology,
Chapter 4: Chemistry for Physiology,
Chapter 4: Chemistry for Physiology,
Chapter 5: Integument,
Chapter 5: Integument,
Chapter 5: Integument,
Chapter 5: Integument,
Chapter 5: Integument,
Chapter 5: Integument,
Chapter 5: Integument,
Chapter 5: Integument,
Chapter 5: Integument,
Chapter 5: Integument,
Chapter 5: Integument,
Chapter 5: Integument,
Chapter 5: Integument,
Chapter 5: Integument,
Chapter 5: Integument,
Chapter 5: Integument,
Chapter 5: Integument,
Chapter 5: Integument,
Chapter 5: Integument,
Chapter 5: Integument,
Chapter 5: Integument,
Chapter 5: Integument,
Chapter 5: Integument,
Chapter 5: Integument,
Chapter 5: Integument,
Chapter 5: Integument,
Chapter 5: Integument,
Chapter 5: Integument,
Chapter 5: Integument,
Chapter 5: Integument,
Chapter 5: Integument,
Chapter 5: Integument,
Chapter 5: Integument,
Chapter 5: Integument,
Chapter 5: Integument,
Chapter 5: Integument,
Chapter 5: Integument,
Chapter 5: Integument,
Chapter 5: Integument,
Chapter 5: Integument,
Chapter 5: Integument,
Chapter 5: Integument,
Chapter 5: Integument,
Chapter 5: Integument,
Chapter 5: Integument,
Chapter 5: Integument,
Chapter 5: Integument,
Chapter 5: Integument,
Chapter 5: Integument,
Chapter 5: Integument,
Chapter 5: Integument,
Chapter 5: Integument,
Chapter 5: Integument,
Chapter 5: Integument,
Chapter 5: Integument,
Chapter 5: Integument,
Chapter 5: Integument,
Chapter 5: Integument,
Chapter 5: Integument,
Chapter 5: Integument,
Chapter 6: Homeostasis,
Chapter 6: Homeostasis,
Chapter 6: Homeostasis,
Chapter 6: Homeostasis,
Chapter 6: Homeostasis,
Chapter 6: Homeostasis,
Chapter 6: Homeostasis,
Chapter 6: Homeostasis,
Chapter 6: Homeostasis,
Chapter 6: Homeostasis,
Chapter 6: Homeostasis,
Chapter 6: Homeostasis,
Chapter 6: Homeostasis,
Chapter 6: Homeostasis,
Chapter 6: Homeostasis,
Chapter 6: Homeostasis,
Chapter 6: Homeostasis,
Chapter 6: Homeostasis,
Chapter 6: Homeostasis,
Chapter 6: Homeostasis,
Chapter 6: Homeostasis,
Chapter 6: Homeostasis,
Chapter 7: Skeleton and Joints,
Chapter 7: Skeleton and Joints,
Chapter 7: Skeleton and Joints,
Chapter 7: Skeleton and Joints,
Chapter 7: Skeleton and Joints,
Chapter 7: Skeleton and Joints,
Chapter 7: Skeleton and Joints,
Chapter 7: Skeleton and Joints,
Chapter 7: Skeleton and Joints,
Chapter 7: Skeleton and Joints,
Chapter 7: Skeleton and Joints,
Chapter 7: Skeleton and Joints,
Chapter 7: Skeleton and Joints,
Chapter 7: Skeleton and Joints,
Chapter 7: Skeleton and Joints,
Chapter 7: Skeleton and Joints,
Chapter 7: Skeleton and Joints,
Chapter 7: Skeleton and Joints,
Chapter 7: Skeleton and Joints,
Chapter 7: Skeleton and Joints,
Chapter 7: Skeleton and Joints,
Chapter 7: Skeleton and Joints,
Chapter 7: Skeleton and Joints,
Chapter 7: Skeleton and Joints,
Chapter 7: Skeleton and Joints,
Chapter 7: Skeleton and Joints,
Chapter 7: Skeleton and Joints,
Chapter 7: Skeleton and Joints,
Chapter 7: Skeleton and Joints,
Chapter 7: Skeleton and Joints,
Chapter 7: Skeleton and Joints,
Chapter 7: Skeleton and Joints,
Chapter 7: Skeleton and Joints,
Chapter 7: Skeleton and Joints,
Chapter 7: Skeleton and Joints,
Chapter 7: Skeleton and Joints,
Chapter 7: Skeleton and Joints,
Chapter 7: Skeleton and Joints,
Chapter 7: Skeleton and Joints,
Chapter 7: Skeleton and Joints,
Chapter 7: Skeleton and Joints,
Chapter 7: Skeleton and Joints,
Chapter 7: Skeleton and Joints,
Chapter 7: Skeleton and Joints,
Chapter 7: Skeleton and Joints,
Chapter 7: Skeleton and Joints,
Chapter 7: Skeleton and Joints,
Chapter 7: Skeleton and Joints,
Chapter 7: Skeleton and Joints,
Chapter 7: Skeleton and Joints,
Chapter 7: Skeleton and Joints,
Chapter 7: Skeleton and Joints,
Chapter 7: Skeleton and Joints,
Chapter 7: Skeleton and Joints,
Chapter 7: Skeleton and Joints,
Chapter 7: Skeleton and Joints,
Chapter 7: Skeleton and Joints,
Chapter 7: Skeleton and Joints,
Chapter 7: Skeleton and Joints,
Chapter 7: Skeleton and Joints,
Chapter 7: Skeleton and Joints,
Chapter 7: Skeleton and Joints,
Chapter 7: Skeleton and Joints,
Chapter 7: Skeleton and Joints,
Chapter 7: Skeleton and Joints,
Chapter 7: Skeleton and Joints,
Chapter 7: Skeleton and Joints,
Chapter 7: Skeleton and Joints,
Chapter 7: Skeleton and Joints,
Chapter 7: Skeleton and Joints,
Chapter 7: Skeleton and Joints,
Chapter 7: Skeleton and Joints,
Chapter 7: Skeleton and Joints,
Chapter 7: Skeleton and Joints,
Chapter 7: Skeleton and Joints,
Chapter 7: Skeleton and Joints,
Chapter 7: Skeleton and Joints,
Chapter 7: Skeleton and Joints,
Chapter 7: Skeleton and Joints,
Chapter 7: Skeleton and Joints,
Chapter 7: Skeleton and Joints,
Chapter 8: Muscles,
Chapter 8: Muscles,
Chapter 8: Muscles,
Chapter 8: Muscles,
Chapter 8: Muscles,
Chapter 8: Muscles,
Chapter 8: Muscles,
Chapter 8: Muscles,
Chapter 8: Muscles,
Chapter 8: Muscles,
Chapter 8: Muscles,
Chapter 8: Muscles,
Chapter 8: Muscles,
Chapter 8: Muscles,
Chapter 8: Muscles,
Chapter 8: Muscles,
Chapter 8: Muscles,
Chapter 8: Muscles,
Chapter 8: Muscles,
Chapter 8: Muscles,
Chapter 8: Muscles,
Chapter 8: Muscles,
Chapter 8: Muscles,
Chapter 8: Muscles,
Chapter 8: Muscles,
Chapter 8: Muscles,
Chapter 8: Muscles,
Chapter 8: Muscles,
Chapter 8: Muscles,
Chapter 8: Muscles,
Chapter 8: Muscles,
Chapter 8: Muscles,
Chapter 8: Muscles,
Chapter 8: Muscles,
Chapter 8: Muscles,
Chapter 8: Muscles,
Chapter 8: Muscles,
Chapter 8: Muscles,
Chapter 8: Muscles,
Chapter 8: Muscles,
Chapter 8: Muscles,
Chapter 8: Muscles,
Chapter 8: Muscles,
Chapter 8: Muscles,
Chapter 8: Muscles,
Chapter 8: Muscles,
Chapter 8: Muscles,
Chapter 8: Muscles,
Chapter 8: Muscles,
Chapter 8: Muscles,
Chapter 8: Muscles,
Chapter 8: Muscles,
Chapter 8: Muscles,
Chapter 8: Muscles,
Chapter 8: Muscles,
Chapter 8: Muscles,
Chapter 8: Muscles,
Chapter 8: Muscles,
Chapter 8: Muscles,
Chapter 8: Muscles,
Chapter 8: Muscles,
Chapter 8: Muscles,
Chapter 8: Muscles,
Chapter 8: Muscles,
Chapter 8: Muscles,
Chapter 8: Muscles,
Chapter 8: Muscles,
Chapter 8: Muscles,
Chapter 8: Muscles,
Chapter 8: Muscles,
Chapter 8: Muscles,
Chapter 8: Muscles,
Chapter 8: Muscles,
Chapter 8: Muscles,
Chapter 8: Muscles,
Chapter 8: Muscles,
Chapter 8: Muscles,
Chapter 8: Muscles,
Chapter 8: Muscles,
Chapter 8: Muscles,
Chapter 8: Muscles,
Chapter 8: Muscles,
Chapter 9: Gastro-Intestinal System,
Chapter 9: Gastro-Intestinal System,
Chapter 9: Gastro-Intestinal System,
Chapter 9: Gastro-Intestinal System,
Chapter 9: Gastro-Intestinal System,
Chapter 9: Gastro-Intestinal System,
Chapter 9: Gastro-Intestinal System,
Chapter 9: Gastro-Intestinal System,
Chapter 9: Gastro-Intestinal System,
Chapter 9: Gastro-Intestinal System,
Chapter 9: Gastro-Intestinal System,
Chapter 9: Gastro-Intestinal System,
Chapter 9: Gastro-Intestinal System,
Chapter 9: Gastro-Intestinal System,
Chapter 9: Gastro-Intestinal System,
Chapter 9: Gastro-Intestinal System,
Chapter 9: Gastro-Intestinal System,
Chapter 9: Gastro-Intestinal System,
Chapter 9: Gastro-Intestinal System,
Chapter 9: Gastro-Intestinal System,
Chapter 9: Gastro-Intestinal System,
Chapter 9: Gastro-Intestinal System,
Chapter 9: Gastro-Intestinal System,
Chapter 9: Gastro-Intestinal System,
Chapter 9: Gastro-Intestinal System,
Chapter 9: Gastro-Intestinal System,
Chapter 9: Gastro-Intestinal System,
Chapter 9: Gastro-Intestinal System,
Chapter 9: Gastro-Intestinal System,
Chapter 9: Gastro-Intestinal System,
Chapter 9: Gastro-Intestinal System,
Chapter 9: Gastro-Intestinal System,
Chapter 9: Gastro-Intestinal System,
Chapter 9: Gastro-Intestinal System,
Chapter 9: Gastro-Intestinal System,
Chapter 9: Gastro-Intestinal System,
Chapter 9: Gastro-Intestinal System,
Chapter 9: Gastro-Intestinal System,
Chapter 9: Gastro-Intestinal System,
Chapter 9: Gastro-Intestinal System,
Chapter 9: Gastro-Intestinal System,
Chapter 9: Gastro-Intestinal System,
Chapter 9: Gastro-Intestinal System,
Chapter 9: Gastro-Intestinal System,
Chapter 9: Gastro-Intestinal System,
Chapter 9: Gastro-Intestinal System,
Chapter 9: Gastro-Intestinal System,
Chapter 9: Gastro-Intestinal System,
Chapter 9: Gastro-Intestinal System,
Chapter 9: Gastro-Intestinal System,
Chapter 9: Gastro-Intestinal System,
Chapter 9: Gastro-Intestinal System,
Chapter 9: Gastro-Intestinal System,
Chapter 9: Gastro-Intestinal System,
Chapter 9: Gastro-Intestinal System,
Chapter 9: Gastro-Intestinal System,
Chapter 9: Gastro-Intestinal System,
Chapter 9: Gastro-Intestinal System,
Chapter 9: Gastro-Intestinal System,
Chapter 9: Gastro-Intestinal System,
Chapter 9: Gastro-Intestinal System,
Chapter 9: Gastro-Intestinal System,
Chapter 9: Gastro-Intestinal System,
Chapter 9: Gastro-Intestinal System,
Chapter 9: Gastro-Intestinal System,
Chapter 9: Gastro-Intestinal System,
Chapter 9: Gastro-Intestinal System,
Chapter 9: Gastro-Intestinal System,
Chapter 9: Gastro-Intestinal System,
Chapter 9: Gastro-Intestinal System,
Chapter 9: Gastro-Intestinal System,
Chapter 9: Gastro-Intestinal System,
Chapter 9: Gastro-Intestinal System,
Chapter 9: Gastro-Intestinal System,
Chapter 9: Gastro-Intestinal System,
Chapter 9: Gastro-Intestinal System,
Chapter 9: Gastro-Intestinal System,
Chapter 9: Gastro-Intestinal System,
Chapter 9: Gastro-Intestinal System,
Chapter 9: Gastro-Intestinal System,
Chapter 9: Gastro-Intestinal System,
Chapter 9: Gastro-Intestinal System,
Chapter 9: Gastro-Intestinal System,
Chapter 9: Gastro-Intestinal System,
Chapter 9: Gastro-Intestinal System,
Chapter 9: Gastro-Intestinal System,
Chapter 9: Gastro-Intestinal System,
Chapter 9: Gastro-Intestinal System,
Chapter 9: Gastro-Intestinal System,
Chapter 9: Gastro-Intestinal System,
Chapter 9: Gastro-Intestinal System,
Chapter 9: Gastro-Intestinal System,
Chapter 9: Gastro-Intestinal System,
Chapter 9: Gastro-Intestinal System,
Chapter 9: Gastro-Intestinal System,
Chapter 9: Gastro-Intestinal System,
Chapter 9: Gastro-Intestinal System,
Chapter 9: Gastro-Intestinal System,
Chapter 9: Gastro-Intestinal System,
Chapter 9: Gastro-Intestinal System,
Chapter 9: Gastro-Intestinal System,
Chapter 9: Gastro-Intestinal System,
Chapter 9: Gastro-Intestinal System,
Chapter 9: Gastro-Intestinal System,
Chapter 9: Gastro-Intestinal System,
Chapter 9: Gastro-Intestinal System,
Chapter 9: Gastro-Intestinal System,
Chapter 9: Gastro-Intestinal System,
Chapter 9: Gastro-Intestinal System,
Chapter 9: Gastro-Intestinal System,
Chapter 9: Gastro-Intestinal System,
Chapter 9: Gastro-Intestinal System,
Chapter 9: Gastro-Intestinal System,
Chapter 9: Gastro-Intestinal System,
Chapter 9: Gastro-Intestinal System,
Chapter 9: Gastro-Intestinal System,
Chapter 9: Gastro-Intestinal System,
Chapter 9: Gastro-Intestinal System,
Chapter 9: Gastro-Intestinal System,
Chapter 9: Gastro-Intestinal System,
Chapter 9: Gastro-Intestinal System,
Chapter 9: Gastro-Intestinal System,
Chapter 9: Gastro-Intestinal System,
Chapter 9: Gastro-Intestinal System,
Chapter 9: Gastro-Intestinal System,
Chapter 9: Gastro-Intestinal System,
Chapter 9: Gastro-Intestinal System,
Chapter 9: Gastro-Intestinal System,
Chapter 9: Gastro-Intestinal System,
Chapter 9: Gastro-Intestinal System,
Chapter 9: Gastro-Intestinal System,
Chapter 9: Gastro-Intestinal System,
Chapter 9: Gastro-Intestinal System,
Chapter 9: Gastro-Intestinal System,
Chapter 9: Gastro-Intestinal System,
Chapter 10: Endocrine System,
Chapter 10: Endocrine System,
Chapter 10: Endocrine System,
Chapter 10: Endocrine System,
Chapter 10: Endocrine System,
Chapter 10: Endocrine System,
Chapter 10: Endocrine System,
Chapter 10: Endocrine System,
Chapter 10: Endocrine System,
Chapter 10: Endocrine System,
Chapter 10: Endocrine System,
Chapter 10: Endocrine System,
Chapter 10: Endocrine System,
Chapter 10: Endocrine System,
Chapter 10: Endocrine System,
Chapter 10: Endocrine System,
Chapter 10: Endocrine System,
Chapter 10: Endocrine System,
Chapter 10: Endocrine System,
Chapter 10: Endocrine System,
Chapter 10: Endocrine System,
Chapter 10: Endocrine System,
Chapter 10: Endocrine System,
Chapter 10: Endocrine System,
Chapter 10: Endocrine System,
Chapter 10: Endocrine System,
Chapter 10: Endocrine System,
Chapter 10: Endocrine System,
Chapter 10: Endocrine System,
Chapter 10: Endocrine System,
Chapter 10: Endocrine System,
Chapter 10: Endocrine System,
Chapter 10: Endocrine System,
Chapter 10: Endocrine System,
Chapter 10: Endocrine System,
Chapter 10: Endocrine System,
Chapter 10: Endocrine System,
Chapter 10: Endocrine System,
Chapter 10: Endocrine System,
Chapter 10: Endocrine System,
Chapter 10: Endocrine System,
Chapter 10: Endocrine System,
Chapter 10: Endocrine System,
Chapter 10: Endocrine System,
Chapter 10: Endocrine System,
Chapter 10: Endocrine System,
Chapter 10: Endocrine System,
Chapter 10: Endocrine System,
Chapter 10: Endocrine System,
Chapter 10: Endocrine System,
Chapter 10: Endocrine System,
Chapter 10: Endocrine System,
Chapter 10: Endocrine System,
Chapter 10: Endocrine System,
Chapter 10: Endocrine System,
Chapter 10: Endocrine System,
Chapter 10: Endocrine System,
Chapter 10: Endocrine System,
Chapter 10: Endocrine System,
Chapter 10: Endocrine System,
Chapter 10: Endocrine System,
Chapter 10: Endocrine System,
Chapter 10: Endocrine System,
Chapter 10: Endocrine System,
Chapter 10: Endocrine System,
Chapter 10: Endocrine System,
Chapter 10: Endocrine System,
Chapter 10: Endocrine System,
Chapter 10: Endocrine System,
Chapter 10: Endocrine System,
Chapter 10: Endocrine System,
Chapter 10: Endocrine System,
Chapter 10: Endocrine System,
Chapter 10: Endocrine System,
Chapter 10: Endocrine System,
Chapter 10: Endocrine System,
Chapter 10: Endocrine System,
Chapter 10: Endocrine System,
Chapter 10: Endocrine System,
Chapter 10: Endocrine System,
Chapter 10: Endocrine System,
Chapter 10: Endocrine System,
Chapter 10: Endocrine System,
Chapter 10: Endocrine System,
Chapter 10: Endocrine System,
Chapter 10: Endocrine System,
Chapter 10: Endocrine System,
Chapter 10: Endocrine System,
Chapter 10: Endocrine System,
Chapter 10: Endocrine System,
Chapter 10: Endocrine System,
Chapter 11: Renal System,
Chapter 11: Renal System,
Chapter 11: Renal System,
Chapter 11: Renal System,
Chapter 11: Renal System,
Chapter 11: Renal System,
Chapter 11: Renal System,
Chapter 11: Renal System,
Chapter 11: Renal System,
Chapter 11: Renal System,
Chapter 11: Renal System,
Chapter 11: Renal System,
Chapter 11: Renal System,
Chapter 11: Renal System,
Chapter 11: Renal System,
Chapter 11: Renal System,
Chapter 11: Renal System,
Chapter 11: Renal System,
Chapter 11: Renal System,
Chapter 11: Renal System,
Chapter 11: Renal System,
Chapter 11: Renal System,
Chapter 11: Renal System,
Chapter 11: Renal System,
Chapter 11: Renal System,
Chapter 11: Renal System,
Chapter 11: Renal System,
Chapter 11: Renal System,
Chapter 11: Renal System,
Chapter 11: Renal System,
Chapter 11: Renal System,
Chapter 11: Renal System,
Chapter 11: Renal System,
Chapter 11: Renal System,
Chapter 11: Renal System,
Chapter 11: Renal System,
Chapter 11: Renal System,
Chapter 11: Renal System,
Chapter 11: Renal System,
Chapter 11: Renal System,
Chapter 11: Renal System,
Chapter 11: Renal System,
Chapter 11: Renal System,
Chapter 11: Renal System,
Chapter 11: Renal System,
Chapter 11: Renal System,
Chapter 11: Renal System,
Chapter 11: Renal System,
Chapter 11: Renal System,
Chapter 11: Renal System,
Chapter 11: Renal System,
Chapter 11: Renal System,
Chapter 11: Renal System,
Chapter 11: Renal System,
Chapter 11: Renal System,
Chapter 11: Renal System,
Chapter 11: Renal System,
Chapter 11: Renal System,
Chapter 11: Renal System,
Chapter 11: Renal System,
Chapter 11: Renal System,
Chapter 11: Renal System,
Chapter 11: Renal System,
Chapter 11: Renal System,
Chapter 11: Renal System,
Chapter 11: Renal System,
Chapter 11: Renal System,
Chapter 11: Renal System,
Chapter 11: Renal System,
Chapter 11: Renal System,
Chapter 11: Renal System,
Chapter 11: Renal System,
Chapter 11: Renal System,
Chapter 11: Renal System,
Chapter 11: Renal System,
Chapter 11: Renal System,
Chapter 11: Renal System,
Chapter 11: Renal System,
Chapter 11: Renal System,
Chapter 11: Renal System,
Chapter 11: Renal System,
Chapter 11: Renal System,
Chapter 11: Renal System,
Chapter 11: Renal System,
Chapter 11: Renal System,
Chapter 11: Renal System,
Chapter 11: Renal System,
Chapter 11: Renal System,
Chapter 11: Renal System,
Chapter 11: Renal System,
Chapter 11: Renal System,
Chapter 11: Renal System,
Chapter 11: Renal System,
Chapter 11: Renal System,
Chapter 11: Renal System,
Chapter 11: Renal System,
Chapter 11: Renal System,
Chapter 11: Renal System,
Chapter 11: Renal System,
Chapter 11: Renal System,
Chapter 11: Renal System,
Chapter 11: Renal System,
Chapter 11: Renal System,
Chapter 11: Renal System,
Chapter 11: Renal System,
Chapter 11: Renal System,
Chapter 11: Renal System,
Chapter 11: Renal System,
Chapter 11: Renal System,
Chapter 11: Renal System,
Chapter 11: Renal System,
Chapter 11: Renal System,
Chapter 11: Renal System,
Chapter 12: Cariovascular System,
Chapter 12: Cariovascular System,
Chapter 12: Cariovascular System,
Chapter 12: Cariovascular System,
Chapter 12: Cariovascular System,
Chapter 12: Cariovascular System,
Chapter 12: Cariovascular System,
Chapter 12: Cariovascular System,
Chapter 12: Cariovascular System,
Chapter 12: Cariovascular System,
Chapter 12: Cariovascular System,
Chapter 12: Cariovascular System,
Chapter 12: Cariovascular System,
Chapter 12: Cariovascular System,
Chapter 12: Cariovascular System,
Chapter 12: Cariovascular System,
Chapter 12: Cariovascular System,
Chapter 12: Cariovascular System,
Chapter 12: Cariovascular System,
Chapter 12: Cariovascular System,
Chapter 12: Cariovascular System,
Chapter 12: Cariovascular System,
Chapter 12: Cariovascular System,
Chapter 12: Cariovascular System,
Chapter 12: Cariovascular System,
Chapter 12: Cariovascular System,
Chapter 12: Cariovascular System,
Chapter 12: Cariovascular System,
Chapter 12: Cariovascular System,
Chapter 12: Cariovascular System,
Chapter 12: Cariovascular System,
Chapter 12: Cariovascular System,
Chapter 12: Cariovascular System,
Chapter 12: Cariovascular System,
Chapter 12: Cariovascular System,
Chapter 12: Cariovascular System,
Chapter 12: Cariovascular System,
Chapter 12: Cariovascular System,
Chapter 12: Cariovascular System,
Chapter 12: Cariovascular System,
Chapter 12: Cariovascular System,
Chapter 12: Cariovascular System,
Chapter 12: Cariovascular System,
Chapter 12: Cariovascular System,
Chapter 12: Cariovascular System,
Chapter 12: Cariovascular System,
Chapter 12: Cariovascular System,
Chapter 12: Cariovascular System,
Chapter 12: Cariovascular System,
Chapter 12: Cariovascular System,
Chapter 12: Cariovascular System,
Chapter 12: Cariovascular System,
Chapter 12: Cariovascular System,
Chapter 12: Cariovascular System,
Chapter 12: Cariovascular System,
Chapter 12: Cariovascular System,
Chapter 12: Cariovascular System,
Chapter 12: Cariovascular System,
Chapter 12: Cariovascular System,
Chapter 12: Cariovascular System,
Chapter 12: Cariovascular System,
Chapter 12: Cariovascular System,
Chapter 12: Cariovascular System,
Chapter 12: Cariovascular System,
Chapter 12: Cariovascular System,
Chapter 12: Cariovascular System,
Chapter 12: Cariovascular System,
Chapter 12: Cariovascular System,
Chapter 12: Cariovascular System,
Chapter 12: Cariovascular System,
Chapter 12: Cariovascular System,
Chapter 12: Cariovascular System,
Chapter 12: Cariovascular System,
Chapter 12: Cariovascular System,
Chapter 12: Cariovascular System,
,
,
,
,
,
,
,
,
,
,
,
,
,
,
,
,
,
,
,
,
,
,
,
,
,
,
,
,
,
,
,
,
,
,
,
,
,
,
,
,
,
,
,
,
,
,
,
,
,
,
,
,
,
,
,
,
,
,
,
,
,
,
,
,
,
,
,
,
,
,
,
,
,
,
,
,
,
,
,
,
,
,
,
,
,
,
,
,
,
,
,
,
,
,
,
,
,
,
,
,
,
,
,
,
,
,
,
,
,
,
,
,
,
,
,
,
,
,
,
,
,
,
,
,
,
,
,
,
,
,
,
,
,
,
,
,
,
,
,
,
,
,
,
,
,
,
,
,
,
,
,
,
,
,
,
,
,
,
,
,
,
,
,
,
,
,
,
,
,
,
,
,
,
,
,
,
,
,
,
,
,
,
,
,
,
,
,
,
,
,
,
,
,
,
,
,
,
,
,
,
,
,
,
,
,
,
,
,
,
,
,
,
,
,
,
,
,
,
,
,
,
,
,
,
,
,
,
,
,
,
,
,
,
,
,
,
,
,
,
,
,
,
,
,
,
,
,
,
,
,
,
,
,
,
,
,
,
,
,
,
,
,
,
,
,
,
,
,
,
,
,
,
,
,
,
,
,
,
,
,
,
,
,
,
,
,
,
,
,
,
,
,
,
,
,
,
,
,
,
,
,
,
,
,
,
,
,
,
,
,
,
,
,
,
,
,
,
,
,
,
,
,
,
,
,
,
,
,
,
,
,
,
,
,
,
,
,
,
,
,
,
,
,
,
,
,
,
,
,
,
,
,
,
,
,
,
,
,
,
,
,
,
,
,
,
,
,
,
,
,
,
,
,
,
,
,
,
,
,
,
,
,
,
,
,
,
,
,
,
,
,
,
,
,
,
,
,
,
,
,
,
,
,
,
,
,
,
,
,
,
,
,
,
,
,
,
,
,
,
,
,
,
,
,
,
,
,
,
,
,
,
,
,
,
,
,
,
,
,
,
,
,
,
,
,
,
,
,
,
,
,
,
,
,
,
,
,
,
,
,
,
,
,
,
,
,
,
,
,
,
,
,
,
,
,
,
,
,
,
,
,
,
,
,
,
,
,
,
,
,
,
,
,
,
,
,
,
,
,
,
,
,
,
,
,
,
,
,
,
,
,
,
,
,
,
Chapter 13: Respiratory System,13.1 Anatomy and Physiology
Chapter 13: Respiratory System,13.1 Anatomy and Physiology
Chapter 13: Respiratory System,13.1 Anatomy and Physiology
Chapter 13: Respiratory System,13.1 Anatomy and Physiology
Chapter 13: Respiratory System,13.1 Anatomy and Physiology
Chapter 13: Respiratory System,13.1 Anatomy and Physiology
Chapter 13: Respiratory System,13.1 Anatomy and Physiology
Chapter 13: Respiratory System,13.1 Anatomy and Physiology
Chapter 13: Respiratory System,13.1 Anatomy and Physiology
Chapter 13: Respiratory System,13.1 Anatomy and Physiology
Chapter 13: Respiratory System,13.1 Anatomy and Physiology
Chapter 13: Respiratory System,13.1 Anatomy and Physiology
Chapter 13: Respiratory System,13.1 Anatomy and Physiology
Chapter 13: Respiratory System,13.1 Anatomy and Physiology
Chapter 13: Respiratory System,13.1 Anatomy and Physiology
Chapter 13: Respiratory System,13.1 Anatomy and Physiology
Chapter 13: Respiratory System,13.1 Anatomy and Physiology
Chapter 13: Respiratory System,13.1 Anatomy and Physiology
Chapter 13: Respiratory System,13.1 Anatomy and Physiology
Chapter 13: Respiratory System,13.1 Anatomy and Physiology
Chapter 13: Respiratory System,13.1 Anatomy and Physiology
Chapter 13: Respiratory System,13.1 Anatomy and Physiology
Chapter 13: Respiratory System,13.1 Anatomy and Physiology
Chapter 13: Respiratory System,13.1 Anatomy and Physiology
Chapter 13: Respiratory System,13.1 Anatomy and Physiology
Chapter 13: Respiratory System,13.1 Anatomy and Physiology
Chapter 13: Respiratory System,13.1 Anatomy and Physiology
Chapter 13: Respiratory System,13.1 Anatomy and Physiology
Chapter 13: Respiratory System,13.1 Anatomy and Physiology
Chapter 13: Respiratory System,13.1 Anatomy and Physiology
Chapter 13: Respiratory System,13.1 Anatomy and Physiology
Chapter 13: Respiratory System,13.1 Anatomy and Physiology
Chapter 13: Respiratory System,13.1 Anatomy and Physiology
Chapter 13: Respiratory System,13.1 Anatomy and Physiology
Chapter 13: Respiratory System,13.1 Anatomy and Physiology
Chapter 13: Respiratory System,13.1 Anatomy and Physiology
Chapter 13: Respiratory System,13.1 Anatomy and Physiology
Chapter 13: Respiratory System,13.1 Anatomy and Physiology
Chapter 13: Respiratory System,13.1 Anatomy and Physiology
Chapter 13: Respiratory System,13.1 Anatomy and Physiology
Chapter 13: Respiratory System,13.1 Anatomy and Physiology
Chapter 13: Respiratory System,13.1 Anatomy and Physiology
Chapter 13: Respiratory System,13.1 Anatomy and Physiology
Chapter 13: Respiratory System,13.1 Anatomy and Physiology
Chapter 13: Respiratory System,13.1 Anatomy and Physiology
Chapter 13: Respiratory System,13.1 Anatomy and Physiology
Chapter 13: Respiratory System,13.1 Anatomy and Physiology
Chapter 13: Respiratory System,13.1 Anatomy and Physiology
Chapter 13: Respiratory System,13.1 Anatomy and Physiology
Chapter 13: Respiratory System,13.1 Anatomy and Physiology
Chapter 13: Respiratory System,13.1 Anatomy and Physiology
Chapter 13: Respiratory System,13.1 Anatomy and Physiology
Chapter 13: Respiratory System,13.1 Anatomy and Physiology
Chapter 13: Respiratory System,13.1 Anatomy and Physiology
Chapter 13: Respiratory System,13.1 Anatomy and Physiology
Chapter 13: Respiratory System,13.1 Anatomy and Physiology
Chapter 13: Respiratory System,13.1 Anatomy and Physiology
Chapter 13: Respiratory System,13.1 Anatomy and Physiology
Chapter 13: Respiratory System,13.1 Anatomy and Physiology
Chapter 13: Respiratory System,13.1 Anatomy and Physiology
Chapter 13: Respiratory System,13.1 Anatomy and Physiology
Chapter 13: Respiratory System,13.1 Anatomy and Physiology
Chapter 13: Respiratory System,13.1 Anatomy and Physiology
Chapter 13: Respiratory System,13.1 Anatomy and Physiology
Chapter 13: Respiratory System,13.1 Anatomy and Physiology
Chapter 13: Respiratory System,13.1 Anatomy and Physiology
Chapter 13: Respiratory System,13.1 Anatomy and Physiology
Chapter 13: Respiratory System,13.1 Anatomy and Physiology
Chapter 13: Respiratory System,13.1 Anatomy and Physiology
Chapter 13: Respiratory System,13.1 Anatomy and Physiology
Chapter 13: Respiratory System,13.1 Anatomy and Physiology
Chapter 13: Respiratory System,13.1 Anatomy and Physiology
Chapter 13: Respiratory System,13.1 Anatomy and Physiology
Chapter 13: Respiratory System,13.1 Anatomy and Physiology
Chapter 13: Respiratory System,13.1 Anatomy and Physiology
Chapter 13: Respiratory System,13.1 Anatomy and Physiology
Chapter 13: Respiratory System,13.1 Anatomy and Physiology
Chapter 13: Respiratory System,13.1 Anatomy and Physiology
Chapter 13: Respiratory System,13.1 Anatomy and Physiology
Chapter 13: Respiratory System,13.1 Anatomy and Physiology
Chapter 13: Respiratory System,13.1 Anatomy and Physiology
Chapter 13: Respiratory System,13.1 Anatomy and Physiology
Chapter 13: Respiratory System,13.1 Anatomy and Physiology
Chapter 13: Respiratory System,13.1 Anatomy and Physiology
Chapter 13: Respiratory System,13.1 Anatomy and Physiology
Chapter 13: Respiratory System,13.1 Anatomy and Physiology
Chapter 13: Respiratory System,13.2 Pressure Applied to the Respiratory System
Chapter 13: Respiratory System,13.2 Pressure Applied to the Respiratory System
Chapter 13: Respiratory System,13.2 Pressure Applied to the Respiratory System
Chapter 13: Respiratory System,13.2 Pressure Applied to the Respiratory System
Chapter 13: Respiratory System,13.2 Pressure Applied to the Respiratory System
Chapter 13: Respiratory System,13.2 Pressure Applied to the Respiratory System
Chapter 13: Respiratory System,13.2 Pressure Applied to the Respiratory System
Chapter 13: Respiratory System,13.2 Pressure Applied to the Respiratory System
Chapter 13: Respiratory System,13.2 Pressure Applied to the Respiratory System
Chapter 13: Respiratory System,13.2 Pressure Applied to the Respiratory System
Chapter 13: Respiratory System,13.2 Pressure Applied to the Respiratory System
Chapter 13: Respiratory System,13.2 Pressure Applied to the Respiratory System
Chapter 13: Respiratory System,13.2 Pressure Applied to the Respiratory System
Chapter 13: Respiratory System,13.2 Pressure Applied to the Respiratory System
Chapter 13: Respiratory System,13.2 Pressure Applied to the Respiratory System
Chapter 13: Respiratory System,13.2 Pressure Applied to the Respiratory System
Chapter 13: Respiratory System,13.2 Pressure Applied to the Respiratory System
Chapter 13: Respiratory System,13.2 Pressure Applied to the Respiratory System
Chapter 13: Respiratory System,13.2 Pressure Applied to the Respiratory System
Chapter 13: Respiratory System,13.2 Pressure Applied to the Respiratory System
Chapter 13: Respiratory System,13.2 Pressure Applied to the Respiratory System
Chapter 13: Respiratory System,13.2 Pressure Applied to the Respiratory System
Chapter 13: Respiratory System,13.2 Pressure Applied to the Respiratory System
Chapter 13: Respiratory System,13.2 Pressure Applied to the Respiratory System
Chapter 13: Respiratory System,13.2 Pressure Applied to the Respiratory System
Chapter 13: Respiratory System,13.2 Pressure Applied to the Respiratory System
Chapter 13: Respiratory System,13.2 Pressure Applied to the Respiratory System
Chapter 13: Respiratory System,13.2 Pressure Applied to the Respiratory System
Chapter 13: Respiratory System,13.2 Pressure Applied to the Respiratory System
Chapter 13: Respiratory System,13.2 Pressure Applied to the Respiratory System
Chapter 13: Respiratory System,13.2 Pressure Applied to the Respiratory System
Chapter 13: Respiratory System,13.2 Pressure Applied to the Respiratory System
Chapter 14: Nervous System,14.1 Cells and Action Potential
Chapter 14: Nervous System,14.1 Cells and Action Potential
Chapter 14: Nervous System,14.1 Cells and Action Potential
Chapter 14: Nervous System,14.1 Cells and Action Potential
Chapter 14: Nervous System,14.1 Cells and Action Potential
Chapter 14: Nervous System,14.1 Cells and Action Potential
Chapter 14: Nervous System,14.1 Cells and Action Potential
Chapter 14: Nervous System,14.1 Cells and Action Potential
Chapter 14: Nervous System,14.1 Cells and Action Potential
Chapter 14: Nervous System,14.1 Cells and Action Potential
Chapter 14: Nervous System,14.1 Cells and Action Potential
Chapter 14: Nervous System,14.1 Cells and Action Potential
Chapter 14: Nervous System,14.1 Cells and Action Potential
Chapter 14: Nervous System,14.1 Cells and Action Potential
Chapter 14: Nervous System,14.1 Cells and Action Potential
Chapter 14: Nervous System,14.1 Cells and Action Potential
Chapter 14: Nervous System,14.1 Cells and Action Potential
Chapter 14: Nervous System,14.1 Cells and Action Potential
Chapter 14: Nervous System,14.1 Cells and Action Potential
Chapter 14: Nervous System,14.1 Cells and Action Potential
Chapter 14: Nervous System,14.1 Cells and Action Potential
Chapter 14: Nervous System,14.1 Cells and Action Potential
Chapter 14: Nervous System,14.1 Cells and Action Potential
Chapter 14: Nervous System,14.1 Cells and Action Potential
Chapter 14: Nervous System,14.1 Cells and Action Potential
Chapter 14: Nervous System,14.1 Cells and Action Potential
Chapter 14: Nervous System,14.1 Cells and Action Potential
Chapter 14: Nervous System,14.1 Cells and Action Potential
Chapter 14: Nervous System,14.1 Cells and Action Potential
Chapter 14: Nervous System,14.1 Cells and Action Potential
Chapter 14: Nervous System,14.1 Cells and Action Potential
Chapter 14: Nervous System,14.1 Cells and Action Potential
Chapter 14: Nervous System,14.1 Cells and Action Potential
Chapter 14: Nervous System,14.1 Cells and Action Potential
Chapter 14: Nervous System,14.1 Cells and Action Potential
Chapter 14: Nervous System,14.1 Cells and Action Potential
Chapter 14: Nervous System,14.1 Cells and Action Potential
Chapter 14: Nervous System,14.1 Cells and Action Potential
Chapter 14: Nervous System,14.1 Cells and Action Potential
Chapter 14: Nervous System,14.1 Cells and Action Potential
Chapter 14: Nervous System,14.1 Cells and Action Potential
Chapter 14: Nervous System,14.1 Cells and Action Potential
Chapter 14: Nervous System,14.1 Cells and Action Potential
Chapter 14: Nervous System,14.1 Cells and Action Potential
Chapter 14: Nervous System,14.1 Cells and Action Potential
Chapter 14: Nervous System,14.1 Cells and Action Potential
Chapter 14: Nervous System,14.1 Cells and Action Potential
Chapter 14: Nervous System,14.1 Cells and Action Potential
Chapter 14: Nervous System,14.1 Cells and Action Potential
Chapter 14: Nervous System,14.1 Cells and Action Potential
Chapter 14: Nervous System,14.1 Cells and Action Potential
Chapter 14: Nervous System,14.1 Cells and Action Potential
Chapter 14: Nervous System,14.1 Cells and Action Potential
Chapter 14: Nervous System,14.1 Cells and Action Potential
Chapter 14: Nervous System,14.1 Cells and Action Potential
Chapter 14: Nervous System,14.1 Cells and Action Potential
Chapter 14: Nervous System,14.2 Brain and Spinal Cord Anatomy
Chapter 14: Nervous System,14.2 Brain and Spinal Cord Anatomy
Chapter 14: Nervous System,14.2 Brain and Spinal Cord Anatomy
Chapter 14: Nervous System,14.2 Brain and Spinal Cord Anatomy
Chapter 14: Nervous System,14.2 Brain and Spinal Cord Anatomy
Chapter 14: Nervous System,14.2 Brain and Spinal Cord Anatomy
Chapter 14: Nervous System,14.2 Brain and Spinal Cord Anatomy
Chapter 14: Nervous System,14.2 Brain and Spinal Cord Anatomy
Chapter 14: Nervous System,14.2 Brain and Spinal Cord Anatomy
Chapter 14: Nervous System,14.2 Brain and Spinal Cord Anatomy
Chapter 14: Nervous System,14.2 Brain and Spinal Cord Anatomy
Chapter 14: Nervous System,14.2 Brain and Spinal Cord Anatomy
Chapter 14: Nervous System,14.2 Brain and Spinal Cord Anatomy
Chapter 14: Nervous System,14.2 Brain and Spinal Cord Anatomy
Chapter 14: Nervous System,14.2 Brain and Spinal Cord Anatomy
Chapter 14: Nervous System,14.2 Brain and Spinal Cord Anatomy
Chapter 14: Nervous System,14.2 Brain and Spinal Cord Anatomy
Chapter 14: Nervous System,14.2 Brain and Spinal Cord Anatomy
Chapter 14: Nervous System,14.2 Brain and Spinal Cord Anatomy
Chapter 14: Nervous System,14.2 Brain and Spinal Cord Anatomy
Chapter 14: Nervous System,14.2 Brain and Spinal Cord Anatomy
Chapter 14: Nervous System,14.2 Brain and Spinal Cord Anatomy
Chapter 14: Nervous System,14.2 Brain and Spinal Cord Anatomy
Chapter 14: Nervous System,14.2 Brain and Spinal Cord Anatomy
Chapter 14: Nervous System,14.2 Brain and Spinal Cord Anatomy
Chapter 14: Nervous System,14.2 Brain and Spinal Cord Anatomy
Chapter 14: Nervous System,14.2 Brain and Spinal Cord Anatomy
Chapter 14: Nervous System,14.2 Brain and Spinal Cord Anatomy
Chapter 14: Nervous System,14.2 Brain and Spinal Cord Anatomy
Chapter 14: Nervous System,14.2 Brain and Spinal Cord Anatomy
Chapter 14: Nervous System,14.2 Brain and Spinal Cord Anatomy
Chapter 14: Nervous System,14.2 Brain and Spinal Cord Anatomy
Chapter 14: Nervous System,14.2 Brain and Spinal Cord Anatomy
Chapter 14: Nervous System,14.2 Brain and Spinal Cord Anatomy
Chapter 14: Nervous System,14.2 Brain and Spinal Cord Anatomy
Chapter 14: Nervous System,14.2 Brain and Spinal Cord Anatomy
Chapter 14: Nervous System,14.2 Brain and Spinal Cord Anatomy
Chapter 14: Nervous System,14.2 Brain and Spinal Cord Anatomy
Chapter 14: Nervous System,14.2 Brain and Spinal Cord Anatomy
Chapter 14: Nervous System,14.2 Brain and Spinal Cord Anatomy
Chapter 14: Nervous System,14.2 Brain and Spinal Cord Anatomy
Chapter 14: Nervous System,14.2 Brain and Spinal Cord Anatomy
Chapter 14: Nervous System,14.2 Brain and Spinal Cord Anatomy
Chapter 14: Nervous System,14.2 Brain and Spinal Cord Anatomy
Chapter 14: Nervous System,14.2 Brain and Spinal Cord Anatomy
Chapter 14: Nervous System,14.2 Brain and Spinal Cord Anatomy
Chapter 14: Nervous System,14.2 Brain and Spinal Cord Anatomy
Chapter 14: Nervous System,14.2 Brain and Spinal Cord Anatomy
Chapter 14: Nervous System,14.2 Brain and Spinal Cord Anatomy
Chapter 14: Nervous System,14.2 Brain and Spinal Cord Anatomy
Chapter 14: Nervous System,14.2 Brain and Spinal Cord Anatomy
Chapter 14: Nervous System,14.2 Brain and Spinal Cord Anatomy
Chapter 14: Nervous System,14.2 Brain and Spinal Cord Anatomy
Chapter 14: Nervous System,14.2 Brain and Spinal Cord Anatomy
Chapter 14: Nervous System,14.2 Brain and Spinal Cord Anatomy
Chapter 14: Nervous System,14.2 Brain and Spinal Cord Anatomy
Chapter 14: Nervous System,14.2 Brain and Spinal Cord Anatomy
Chapter 14: Nervous System,14.2 Brain and Spinal Cord Anatomy
Chapter 14: Nervous System,14.2 Brain and Spinal Cord Anatomy
Chapter 14: Nervous System,14.2 Brain and Spinal Cord Anatomy
Chapter 14: Nervous System,14.2 Brain and Spinal Cord Anatomy
Chapter 14: Nervous System,14.2 Brain and Spinal Cord Anatomy
Chapter 14: Nervous System,14.2 Brain and Spinal Cord Anatomy
Chapter 14: Nervous System,14.2 Brain and Spinal Cord Anatomy
Chapter 14: Nervous System,14.2 Brain and Spinal Cord Anatomy
Chapter 14: Nervous System,14.2 Brain and Spinal Cord Anatomy
Chapter 14: Nervous System,14.2 Brain and Spinal Cord Anatomy
Chapter 14: Nervous System,14.2 Brain and Spinal Cord Anatomy
Chapter 14: Nervous System,14.2 Brain and Spinal Cord Anatomy
Chapter 14: Nervous System,14.2 Brain and Spinal Cord Anatomy
Chapter 14: Nervous System,14.2 Brain and Spinal Cord Anatomy
Chapter 14: Nervous System,14.2 Brain and Spinal Cord Anatomy
Chapter 14: Nervous System,14.2 Brain and Spinal Cord Anatomy
Chapter 14: Nervous System,14.2 Brain and Spinal Cord Anatomy
Chapter 14: Nervous System,"14.3 Autonomic System, Neurotransmitters, Reflexes"
Chapter 14: Nervous System,"14.3 Autonomic System, Neurotransmitters, Reflexes"
Chapter 14: Nervous System,"14.3 Autonomic System, Neurotransmitters, Reflexes"
Chapter 14: Nervous System,"14.3 Autonomic System, Neurotransmitters, Reflexes"
Chapter 14: Nervous System,"14.3 Autonomic System, Neurotransmitters, Reflexes"
Chapter 14: Nervous System,"14.3 Autonomic System, Neurotransmitters, Reflexes"
Chapter 14: Nervous System,"14.3 Autonomic System, Neurotransmitters, Reflexes"
Chapter 14: Nervous System,"14.3 Autonomic System, Neurotransmitters, Reflexes"
Chapter 14: Nervous System,"14.3 Autonomic System, Neurotransmitters, Reflexes"
Chapter 14: Nervous System,"14.3 Autonomic System, Neurotransmitters, Reflexes"
Chapter 14: Nervous System,"14.3 Autonomic System, Neurotransmitters, Reflexes"
Chapter 14: Nervous System,"14.3 Autonomic System, Neurotransmitters, Reflexes"
Chapter 14: Nervous System,"14.3 Autonomic System, Neurotransmitters, Reflexes"
Chapter 14: Nervous System,"14.3 Autonomic System, Neurotransmitters, Reflexes"
Chapter 14: Nervous System,"14.3 Autonomic System, Neurotransmitters, Reflexes"
Chapter 14: Nervous System,"14.3 Autonomic System, Neurotransmitters, Reflexes"
Chapter 14: Nervous System,"14.3 Autonomic System, Neurotransmitters, Reflexes"
Chapter 14: Nervous System,"14.3 Autonomic System, Neurotransmitters, Reflexes"
Chapter 14: Nervous System,"14.3 Autonomic System, Neurotransmitters, Reflexes"
Chapter 14: Nervous System,"14.3 Autonomic System, Neurotransmitters, Reflexes"
Chapter 14: Nervous System,"14.3 Autonomic System, Neurotransmitters, Reflexes"
Chapter 14: Nervous System,"14.3 Autonomic System, Neurotransmitters, Reflexes"
Chapter 14: Nervous System,"14.3 Autonomic System, Neurotransmitters, Reflexes"
Chapter 14: Nervous System,"14.3 Autonomic System, Neurotransmitters, Reflexes"
Chapter 14: Nervous System,"14.3 Autonomic System, Neurotransmitters, Reflexes"
Chapter 14: Nervous System,"14.3 Autonomic System, Neurotransmitters, Reflexes"
Chapter 14: Nervous System,"14.3 Autonomic System, Neurotransmitters, Reflexes"
Chapter 14: Nervous System,"14.3 Autonomic System, Neurotransmitters, Reflexes"
Chapter 14: Nervous System,"14.3 Autonomic System, Neurotransmitters, Reflexes"
Chapter 14: Nervous System,"14.3 Autonomic System, Neurotransmitters, Reflexes"
Chapter 14: Nervous System,"14.3 Autonomic System, Neurotransmitters, Reflexes"
Chapter 14: Nervous System,"14.3 Autonomic System, Neurotransmitters, Reflexes"
Chapter 14: Nervous System,"14.3 Autonomic System, Neurotransmitters, Reflexes"
Chapter 14: Nervous System,"14.3 Autonomic System, Neurotransmitters, Reflexes"
Chapter 14: Nervous System,"14.3 Autonomic System, Neurotransmitters, Reflexes"
Chapter 14: Nervous System,"14.3 Autonomic System, Neurotransmitters, Reflexes"
Chapter 14: Nervous System,"14.3 Autonomic System, Neurotransmitters, Reflexes"
Chapter 14: Nervous System,"14.3 Autonomic System, Neurotransmitters, Reflexes"
Chapter 14: Nervous System,"14.3 Autonomic System, Neurotransmitters, Reflexes"
Chapter 14: Nervous System,"14.3 Autonomic System, Neurotransmitters, Reflexes"
Chapter 14: Nervous System,"14.3 Autonomic System, Neurotransmitters, Reflexes"
Chapter 14: Nervous System,"14.3 Autonomic System, Neurotransmitters, Reflexes"
Chapter 14: Nervous System,"14.3 Autonomic System, Neurotransmitters, Reflexes"
Chapter 14: Nervous System,"14.3 Autonomic System, Neurotransmitters, Reflexes"
Chapter 14: Nervous System,"14.3 Autonomic System, Neurotransmitters, Reflexes"
Chapter 14: Nervous System,"14.3 Autonomic System, Neurotransmitters, Reflexes"
Chapter 14: Nervous System,"14.3 Autonomic System, Neurotransmitters, Reflexes"
Chapter 14: Nervous System,"14.3 Autonomic System, Neurotransmitters, Reflexes"
Chapter 14: Nervous System,"14.3 Autonomic System, Neurotransmitters, Reflexes"
Chapter 14: Nervous System,"14.3 Autonomic System, Neurotransmitters, Reflexes"
Chapter 14: Nervous System,"14.3 Autonomic System, Neurotransmitters, Reflexes"
Chapter 14: Nervous System,"14.3 Autonomic System, Neurotransmitters, Reflexes"
Chapter 14: Nervous System,"14.3 Autonomic System, Neurotransmitters, Reflexes"
Chapter 14: Nervous System,"14.3 Autonomic System, Neurotransmitters, Reflexes"
Chapter 14: Nervous System,"14.3 Autonomic System, Neurotransmitters, Reflexes"
Chapter 14: Nervous System,14.4 Special Senses (Eye & Ear)
Chapter 14: Nervous System,14.4 Special Senses (Eye & Ear)
Chapter 14: Nervous System,14.4 Special Senses (Eye & Ear)
Chapter 14: Nervous System,14.4 Special Senses (Eye & Ear)
Chapter 14: Nervous System,14.4 Special Senses (Eye & Ear)
Chapter 14: Nervous System,14.4 Special Senses (Eye & Ear)
Chapter 14: Nervous System,14.4 Special Senses (Eye & Ear)
Chapter 14: Nervous System,14.4 Special Senses (Eye & Ear)
Chapter 14: Nervous System,14.4 Special Senses (Eye & Ear)
Chapter 14: Nervous System,14.4 Special Senses (Eye & Ear)
Chapter 14: Nervous System,14.4 Special Senses (Eye & Ear)
Chapter 14: Nervous System,14.4 Special Senses (Eye & Ear)
Chapter 14: Nervous System,14.4 Special Senses (Eye & Ear)
Chapter 14: Nervous System,14.4 Special Senses (Eye & Ear)
Chapter 14: Nervous System,14.4 Special Senses (Eye & Ear)
Chapter 14: Nervous System,14.4 Special Senses (Eye & Ear)
Chapter 14: Nervous System,14.4 Special Senses (Eye & Ear)
Chapter 14: Nervous System,14.4 Special Senses (Eye & Ear)
Chapter 14: Nervous System,14.4 Special Senses (Eye & Ear)
Chapter 14: Nervous System,14.4 Special Senses (Eye & Ear)
Chapter 14: Nervous System,14.4 Special Senses (Eye & Ear)
Chapter 14: Nervous System,14.4 Special Senses (Eye & Ear)
Chapter 14: Nervous System,14.4 Special Senses (Eye & Ear)
Chapter 14: Nervous System,14.4 Special Senses (Eye & Ear)
Chapter 15: Reproductive System,Section not found
Chapter 15: Reproductive System,Section not found
Chapter 15: Reproductive System,Section not found
Chapter 15: Reproductive System,Section not found
Chapter 15: Reproductive System,Section not found
Chapter 15: Reproductive System,Section not found
Chapter 15: Reproductive System,Section not found
Chapter 15: Reproductive System,Section not found
Chapter 15: Reproductive System,Section not found
Chapter 15: Reproductive System,Section not found
Chapter 15: Reproductive System,Section not found
Chapter 15: Reproductive System,Section not found
Chapter 15: Reproductive System,Section not found
Chapter 15: Reproductive System,Section not found
Chapter 15: Reproductive System,Section not found
Chapter 15: Reproductive System,Section not found
Chapter 15: Reproductive System,Section not found
Chapter 15: Reproductive System,Section not found
Chapter 15: Reproductive System,Section not found
Chapter 15: Reproductive System,Section not found
Chapter 15: Reproductive System,Section not found
Chapter 15: Reproductive System,Section not found
Chapter 15: Reproductive System,Section not found
Chapter 15: Reproductive System,Section not found
Chapter 15: Reproductive System,Section not found
Chapter 15: Reproductive System,Section not found
Chapter 15: Reproductive System,Section not found
Chapter 15: Reproductive System,Section not found
Chapter 15: Reproductive System,Section not found
Chapter 15: Reproductive System,Section not found
Chapter 15: Reproductive System,Section not found
Chapter 15: Reproductive System,Section not found
Chapter 15: Reproductive System,Section not found
Chapter 15: Reproductive System,Section not found
Chapter 15: Reproductive System,Section not found
Chapter 15: Reproductive System,Section not found
Chapter 15: Reproductive System,Section not found
Chapter 15: Reproductive System,Section not found
Chapter 15: Reproductive System,Section not found
Chapter 15: Reproductive System,Section not found
Chapter 15: Reproductive System,Section not found
Chapter 15: Reproductive System,Section not found
Chapter 15: Reproductive System,Section not found
Chapter 15: Reproductive System,Section not found
Chapter 15: Reproductive System,Section not found
Chapter 15: Reproductive System,Section not found
Chapter 15: Reproductive System,Section not found
Chapter 15: Reproductive System,Section not found
Chapter 15: Reproductive System,Section not found
Chapter 15: Reproductive System,Section not found
Chapter 15: Reproductive System,Section not found
Chapter 15: Reproductive System,Section not found
Chapter 15: Reproductive System,Section not found
Chapter 15: Reproductive System,Section not found
Chapter 15: Reproductive System,Section not found
Chapter 15: Reproductive System,Section not found
Chapter 15: Reproductive System,Section not found
Chapter 15: Reproductive System,Section not found
Chapter 15: Reproductive System,Section not found
Chapter 15: Reproductive System,Section not found
Chapter 15: Reproductive System,Section not found
Chapter 15: Reproductive System,Section not found
Chapter 15: Reproductive System,Section not found
"Chapter 16: Waves, Light Waves, Sound Waves, Ultrasound (The Physics Of)",16.1 Waves
"Chapter 16: Waves, Light Waves, Sound Waves, Ultrasound (The Physics Of)",16.1 Waves
"Chapter 16: Waves, Light Waves, Sound Waves, Ultrasound (The Physics Of)",16.1 Waves
"Chapter 16: Waves, Light Waves, Sound Waves, Ultrasound (The Physics Of)",16.1 Waves
"Chapter 16: Waves, Light Waves, Sound Waves, Ultrasound (The Physics Of)",16.1 Waves
"Chapter 16: Waves, Light Waves, Sound Waves, Ultrasound (The Physics Of)",16.1 Waves
"Chapter 16: Waves, Light Waves, Sound Waves, Ultrasound (The Physics Of)",16.1 Waves
"Chapter 16: Waves, Light Waves, Sound Waves, Ultrasound (The Physics Of)",16.1 Waves
"Chapter 16: Waves, Light Waves, Sound Waves, Ultrasound (The Physics Of)",16.1 Waves
"Chapter 16: Waves, Light Waves, Sound Waves, Ultrasound (The Physics Of)",16.1 Waves
"Chapter 16: Waves, Light Waves, Sound Waves, Ultrasound (The Physics Of)",16.1 Waves
"Chapter 16: Waves, Light Waves, Sound Waves, Ultrasound (The Physics Of)",16.1 Waves
"Chapter 16: Waves, Light Waves, Sound Waves, Ultrasound (The Physics Of)",16.1 Waves
"Chapter 16: Waves, Light Waves, Sound Waves, Ultrasound (The Physics Of)",16.1 Waves
"Chapter 16: Waves, Light Waves, Sound Waves, Ultrasound (The Physics Of)",16.1 Waves
"Chapter 16: Waves, Light Waves, Sound Waves, Ultrasound (The Physics Of)",16.1 Waves
"Chapter 16: Waves, Light Waves, Sound Waves, Ultrasound (The Physics Of)",16.1 Waves
"Chapter 16: Waves, Light Waves, Sound Waves, Ultrasound (The Physics Of)",16.2 Light Waves
"Chapter 16: Waves, Light Waves, Sound Waves, Ultrasound (The Physics Of)",16.2 Light Waves
"Chapter 16: Waves, Light Waves, Sound Waves, Ultrasound (The Physics Of)",16.2 Light Waves
"Chapter 16: Waves, Light Waves, Sound Waves, Ultrasound (The Physics Of)",16.2 Light Waves
"Chapter 16: Waves, Light Waves, Sound Waves, Ultrasound (The Physics Of)",16.2 Light Waves
"Chapter 16: Waves, Light Waves, Sound Waves, Ultrasound (The Physics Of)",16.2 Light Waves
"Chapter 16: Waves, Light Waves, Sound Waves, Ultrasound (The Physics Of)",16.2 Light Waves
"Chapter 16: Waves, Light Waves, Sound Waves, Ultrasound (The Physics Of)",16.2 Light Waves
"Chapter 16: Waves, Light Waves, Sound Waves, Ultrasound (The Physics Of)",16.2 Light Waves
"Chapter 16: Waves, Light Waves, Sound Waves, Ultrasound (The Physics Of)",16.2 Light Waves
"Chapter 16: Waves, Light Waves, Sound Waves, Ultrasound (The Physics Of)",16.2 Light Waves
"Chapter 16: Waves, Light Waves, Sound Waves, Ultrasound (The Physics Of)",16.2 Light Waves
"Chapter 16: Waves, Light Waves, Sound Waves, Ultrasound (The Physics Of)",16.2 Light Waves
"Chapter 16: Waves, Light Waves, Sound Waves, Ultrasound (The Physics Of)",16.2 Light Waves
"Chapter 16: Waves, Light Waves, Sound Waves, Ultrasound (The Physics Of)",16.2 Light Waves
"Chapter 16: Waves, Light Waves, Sound Waves, Ultrasound (The Physics Of)",16.2 Light Waves
"Chapter 16: Waves, Light Waves, Sound Waves, Ultrasound (The Physics Of)",16.2 Light Waves
"Chapter 16: Waves, Light Waves, Sound Waves, Ultrasound (The Physics Of)",16.2 Light Waves
"Chapter 16: Waves, Light Waves, Sound Waves, Ultrasound (The Physics Of)",16.2 Light Waves
"Chapter 16: Waves, Light Waves, Sound Waves, Ultrasound (The Physics Of)",16.3 Sound
"Chapter 16: Waves, Light Waves, Sound Waves, Ultrasound (The Physics Of)",16.3 Sound
"Chapter 16: Waves, Light Waves, Sound Waves, Ultrasound (The Physics Of)",16.3 Sound
"Chapter 16: Waves, Light Waves, Sound Waves, Ultrasound (The Physics Of)",16.3 Sound
"Chapter 16: Waves, Light Waves, Sound Waves, Ultrasound (The Physics Of)",16.3 Sound
"Chapter 16: Waves, Light Waves, Sound Waves, Ultrasound (The Physics Of)",16.3 Sound
"Chapter 16: Waves, Light Waves, Sound Waves, Ultrasound (The Physics Of)",16.3 Sound
"Chapter 16: Waves, Light Waves, Sound Waves, Ultrasound (The Physics Of)",16.3 Sound
"Chapter 16: Waves, Light Waves, Sound Waves, Ultrasound (The Physics Of)",16.3 Sound
"Chapter 16: Waves, Light Waves, Sound Waves, Ultrasound (The Physics Of)",16.3 Sound
"Chapter 16: Waves, Light Waves, Sound Waves, Ultrasound (The Physics Of)",16.3 Sound
"Chapter 16: Waves, Light Waves, Sound Waves, Ultrasound (The Physics Of)",16.3 Sound
"Chapter 16: Waves, Light Waves, Sound Waves, Ultrasound (The Physics Of)",16.3 Sound
"Chapter 16: Waves, Light Waves, Sound Waves, Ultrasound (The Physics Of)",16.4 Ultrasound
"Chapter 16: Waves, Light Waves, Sound Waves, Ultrasound (The Physics Of)",16.4 Ultrasound
"Chapter 16: Waves, Light Waves, Sound Waves, Ultrasound (The Physics Of)",16.4 Ultrasound
"Chapter 16: Waves, Light Waves, Sound Waves, Ultrasound (The Physics Of)",16.4 Ultrasound
"Chapter 16: Waves, Light Waves, Sound Waves, Ultrasound (The Physics Of)",16.4 Ultrasound
"Chapter 16: Waves, Light Waves, Sound Waves, Ultrasound (The Physics Of)",16.4 Ultrasound
"Chapter 16: Waves, Light Waves, Sound Waves, Ultrasound (The Physics Of)",16.4 Ultrasound
"Chapter 16: Waves, Light Waves, Sound Waves, Ultrasound (The Physics Of)",16.4 Ultrasound
"Chapter 16: Waves, Light Waves, Sound Waves, Ultrasound (The Physics Of)",16.4 Ultrasound
"Chapter 16: Waves, Light Waves, Sound Waves, Ultrasound (The Physics Of)",16.4 Ultrasound
"Chapter 16: Waves, Light Waves, Sound Waves, Ultrasound (The Physics Of)",16.4 Ultrasound
"Chapter 16: Waves, Light Waves, Sound Waves, Ultrasound (The Physics Of)",16.4 Ultrasound
Chapter 17: Ionising Radiation,17.1 Medical Imaging with X-Radiation
Chapter 17: Ionising Radiation,17.1 Medical Imaging with X-Radiation
Chapter 17: Ionising Radiation,17.1 Medical Imaging with X-Radiation
Chapter 17: Ionising Radiation,17.1 Medical Imaging with X-Radiation
Chapter 17: Ionising Radiation,17.1 Medical Imaging with X-Radiation
Chapter 17: Ionising Radiation,17.1 Medical Imaging with X-Radiation
Chapter 17: Ionising Radiation,17.1 Medical Imaging with X-Radiation
Chapter 17: Ionising Radiation,17.1 Medical Imaging with X-Radiation
Chapter 17: Ionising Radiation,17.1 Medical Imaging with X-Radiation
Chapter 17: Ionising Radiation,17.1 Medical Imaging with X-Radiation
Chapter 17: Ionising Radiation,17.1 Medical Imaging with X-Radiation
Chapter 17: Ionising Radiation,17.1 Medical Imaging with X-Radiation
Chapter 17: Ionising Radiation,17.1 Medical Imaging with X-Radiation
Chapter 17: Ionising Radiation,17.1 Medical Imaging with X-Radiation
Chapter 17: Ionising Radiation,17.1 Medical Imaging with X-Radiation
Chapter 17: Ionising Radiation,17.1 Medical Imaging with X-Radiation
Chapter 17: Ionising Radiation,17.1 Medical Imaging with X-Radiation
Chapter 17: Ionising Radiation,17.1 Medical Imaging with X-Radiation
Chapter 17: Ionising Radiation,17.1 Medical Imaging with X-Radiation
Chapter 17: Ionising Radiation,17.1 Medical Imaging with X-Radiation
Chapter 17: Ionising Radiation,17.1 Medical Imaging with X-Radiation
Chapter 17: Ionising Radiation,17.1 Medical Imaging with X-Radiation
Chapter 17: Ionising Radiation,17.1 Medical Imaging with X-Radiation
Chapter 17: Ionising Radiation,17.1 Medical Imaging with X-Radiation
Chapter 17: Ionising Radiation,17.1 Medical Imaging with X-Radiation
Chapter 17: Ionising Radiation,17.1 Medical Imaging with X-Radiation
Chapter 17: Ionising Radiation,"17.2 Radioactivity, Radiotherapy, Nuclear Medicine, Radiation Safety"
Chapter 17: Ionising Radiation,"17.2 Radioactivity, Radiotherapy, Nuclear Medicine, Radiation Safety"
Chapter 17: Ionising Radiation,"17.2 Radioactivity, Radiotherapy, Nuclear Medicine, Radiation Safety"
Chapter 17: Ionising Radiation,"17.2 Radioactivity, Radiotherapy, Nuclear Medicine, Radiation Safety"
Chapter 17: Ionising Radiation,"17.2 Radioactivity, Radiotherapy, Nuclear Medicine, Radiation Safety"
Chapter 17: Ionising Radiation,"17.2 Radioactivity, Radiotherapy, Nuclear Medicine, Radiation Safety"
Chapter 17: Ionising Radiation,"17.2 Radioactivity, Radiotherapy, Nuclear Medicine, Radiation Safety"
Chapter 17: Ionising Radiation,"17.2 Radioactivity, Radiotherapy, Nuclear Medicine, Radiation Safety"
Chapter 17: Ionising Radiation,"17.2 Radioactivity, Radiotherapy, Nuclear Medicine, Radiation Safety"
Chapter 17: Ionising Radiation,"17.2 Radioactivity, Radiotherapy, Nuclear Medicine, Radiation Safety"
Chapter 17: Ionising Radiation,"17.2 Radioactivity, Radiotherapy, Nuclear Medicine, Radiation Safety"
Chapter 17: Ionising Radiation,"17.2 Radioactivity, Radiotherapy, Nuclear Medicine, Radiation Safety"
Chapter 17: Ionising Radiation,"17.2 Radioactivity, Radiotherapy, Nuclear Medicine, Radiation Safety"
Chapter 17: Ionising Radiation,"17.2 Radioactivity, Radiotherapy, Nuclear Medicine, Radiation Safety"
Chapter 17: Ionising Radiation,"17.2 Radioactivity, Radiotherapy, Nuclear Medicine, Radiation Safety"
Chapter 17: Ionising Radiation,"17.2 Radioactivity, Radiotherapy, Nuclear Medicine, Radiation Safety"
Chapter 17: Ionising Radiation,"17.2 Radioactivity, Radiotherapy, Nuclear Medicine, Radiation Safety"
Chapter 17: Ionising Radiation,"17.2 Radioactivity, Radiotherapy, Nuclear Medicine, Radiation Safety"
Chapter 17: Ionising Radiation,"17.2 Radioactivity, Radiotherapy, Nuclear Medicine, Radiation Safety"
Chapter 17: Ionising Radiation,"17.2 Radioactivity, Radiotherapy, Nuclear Medicine, Radiation Safety"
Chapter 17: Ionising Radiation,"17.2 Radioactivity, Radiotherapy, Nuclear Medicine, Radiation Safety"
Chapter 17: Ionising Radiation,"17.2 Radioactivity, Radiotherapy, Nuclear Medicine, Radiation Safety"
Chapter 17: Ionising Radiation,"17.2 Radioactivity, Radiotherapy, Nuclear Medicine, Radiation Safety"
Chapter 17: Ionising Radiation,"17.2 Radioactivity, Radiotherapy, Nuclear Medicine, Radiation Safety"
Chapter 17: Ionising Radiation,"17.2 Radioactivity, Radiotherapy, Nuclear Medicine, Radiation Safety"
Chapter 17: Ionising Radiation,"17.2 Radioactivity, Radiotherapy, Nuclear Medicine, Radiation Safety"
Chapter 17: Ionising Radiation,"17.2 Radioactivity, Radiotherapy, Nuclear Medicine, Radiation Safety"
Chapter 17: Ionising Radiation,"17.2 Radioactivity, Radiotherapy, Nuclear Medicine, Radiation Safety"
Chapter 17: Ionising Radiation,"17.2 Radioactivity, Radiotherapy, Nuclear Medicine, Radiation Safety"
Chapter 17: Ionising Radiation,"17.2 Radioactivity, Radiotherapy, Nuclear Medicine, Radiation Safety"
Chapter 17: Ionising Radiation,"17.2 Radioactivity, Radiotherapy, Nuclear Medicine, Radiation Safety"
Chapter 17: Ionising Radiation,"17.2 Radioactivity, Radiotherapy, Nuclear Medicine, Radiation Safety"
Chapter 17: Ionising Radiation,"17.2 Radioactivity, Radiotherapy, Nuclear Medicine, Radiation Safety"
Chapter 17: Ionising Radiation,"17.2 Radioactivity, Radiotherapy, Nuclear Medicine, Radiation Safety"
Chapter 17: Ionising Radiation,"17.2 Radioactivity, Radiotherapy, Nuclear Medicine, Radiation Safety"
Chapter 17: Ionising Radiation,"17.2 Radioactivity, Radiotherapy, Nuclear Medicine, Radiation Safety"
Chapter 17: Ionising Radiation,"17.2 Radioactivity, Radiotherapy, Nuclear Medicine, Radiation Safety"
Chapter 17: Ionising Radiation,"17.2 Radioactivity, Radiotherapy, Nuclear Medicine, Radiation Safety"
Chapter 17: Ionising Radiation,"17.2 Radioactivity, Radiotherapy, Nuclear Medicine, Radiation Safety"
Chapter 17: Ionising Radiation,"17.2 Radioactivity, Radiotherapy, Nuclear Medicine, Radiation Safety"
Chapter 17: Ionising Radiation,"17.2 Radioactivity, Radiotherapy, Nuclear Medicine, Radiation Safety"
Chapter 17: Ionising Radiation,"17.2 Radioactivity, Radiotherapy, Nuclear Medicine, Radiation Safety"
Chapter 17: Ionising Radiation,"17.2 Radioactivity, Radiotherapy, Nuclear Medicine, Radiation Safety"
Chapter 17: Ionising Radiation,"17.2 Radioactivity, Radiotherapy, Nuclear Medicine, Radiation Safety"
Chapter 17: Ionising Radiation,"17.2 Radioactivity, Radiotherapy, Nuclear Medicine, Radiation Safety"
Chapter 17: Ionising Radiation,"17.2 Radioactivity, Radiotherapy, Nuclear Medicine, Radiation Safety"
Chapter 17: Ionising Radiation,"17.2 Radioactivity, Radiotherapy, Nuclear Medicine, Radiation Safety"
Chapter 17: Ionising Radiation,"17.2 Radioactivity, Radiotherapy, Nuclear Medicine, Radiation Safety"
Chapter 17: Ionising Radiation,"17.2 Radioactivity, Radiotherapy, Nuclear Medicine, Radiation Safety"
Chapter 17: Ionising Radiation,"17.2 Radioactivity, Radiotherapy, Nuclear Medicine, Radiation Safety"
Chapter 17: Ionising Radiation,"17.2 Radioactivity, Radiotherapy, Nuclear Medicine, Radiation Safety"
Chapter 17: Ionising Radiation,"17.2 Radioactivity, Radiotherapy, Nuclear Medicine, Radiation Safety"
Chapter 17: Ionising Radiation,"17.2 Radioactivity, Radiotherapy, Nuclear Medicine, Radiation Safety"
Chapter 17: Ionising Radiation,"17.2 Radioactivity, Radiotherapy, Nuclear Medicine, Radiation Safety"
Chapter 17: Ionising Radiation,"17.2 Radioactivity, Radiotherapy, Nuclear Medicine, Radiation Safety"
Chapter 17: Ionising Radiation,"17.2 Radioactivity, Radiotherapy, Nuclear Medicine, Radiation Safety"
Chapter 17: Ionising Radiation,"17.2 Radioactivity, Radiotherapy, Nuclear Medicine, Radiation Safety"
Chapter 17: Ionising Radiation,"17.2 Radioactivity, Radiotherapy, Nuclear Medicine, Radiation Safety"
Chapter 17: Ionising Radiation,"17.2 Radioactivity, Radiotherapy, Nuclear Medicine, Radiation Safety"
Chapter 17: Ionising Radiation,"17.2 Radioactivity, Radiotherapy, Nuclear Medicine, Radiation Safety"
Chapter 17: Ionising Radiation,"17.2 Radioactivity, Radiotherapy, Nuclear Medicine, Radiation Safety"
Chapter 17: Ionising Radiation,"17.2 Radioactivity, Radiotherapy, Nuclear Medicine, Radiation Safety"
Chapter 17: Ionising Radiation,"17.2 Radioactivity, Radiotherapy, Nuclear Medicine, Radiation Safety"
Chapter 17: Ionising Radiation,"17.2 Radioactivity, Radiotherapy, Nuclear Medicine, Radiation Safety"
Chapter 17: Ionising Radiation,"17.2 Radioactivity, Radiotherapy, Nuclear Medicine, Radiation Safety"
Chapter 17: Ionising Radiation,"17.2 Radioactivity, Radiotherapy, Nuclear Medicine, Radiation Safety"
Chapter 17: Ionising Radiation,"17.2 Radioactivity, Radiotherapy, Nuclear Medicine, Radiation Safety"
Chapter 17: Ionising Radiation,"17.2 Radioactivity, Radiotherapy, Nuclear Medicine, Radiation Safety"
Chapter 17: Ionising Radiation,"17.2 Radioactivity, Radiotherapy, Nuclear Medicine, Radiation Safety"
Chapter 18: Electricity,Section not found
Chapter 18: Electricity,Section not found
Chapter 18: Electricity,Section not found
Chapter 18: Electricity,Section not found
Chapter 18: Electricity,Section not found
Chapter 18: Electricity,Section not found
Chapter 18: Electricity,Section not found
Chapter 18: Electricity,Section not found
Chapter 18: Electricity,Section not found
Chapter 18: Electricity,Section not found
Chapter 18: Electricity,Section not found
Chapter 18: Electricity,Section not found
Chapter 18: Electricity,Section not found
Chapter 18: Electricity,Section not found
Chapter 18: Electricity,Section not found
Chapter 18: Electricity,Section not found
Chapter 18: Electricity,Section not found
Chapter 18: Electricity,Section not found
Chapter 18: Electricity,Section not found
Chapter 18: Electricity,Section not found
Chapter 18: Electricity,Section not found
Chapter 18: Electricity,Section not found
Chapter 18: Electricity,Section not found
Chapter 18: Electricity,Section not found
Chapter 18: Electricity,Section not found
Chapter 18: Electricity,Section not found
Chapter 18: Electricity,Section not found
Chapter 18: Electricity,Section not found
Chapter 18: Electricity,Section not found
Chapter 18: Electricity,Section not found
Chapter 18: Electricity,Section not found
Chapter 18: Electricity,Section not found
Chapter 18: Electricity,Section not found
Chapter 18: Electricity,Section not found
Chapter 18: Electricity,Section not found
Chapter 18: Electricity,Section not found
Chapter 19: Biomechanics,Section not found
Chapter 19: Biomechanics,Section not found
Chapter 19: Biomechanics,Section not found
Chapter 19: Biomechanics,Section not found
Chapter 19: Biomechanics,Section not found
Chapter 19: Biomechanics,Section not found
Chapter 19: Biomechanics,Section not found
Chapter 19: Biomechanics,Section not found
Chapter 19: Biomechanics,Section not found
Chapter 19: Biomechanics,Section not found
Chapter 19: Biomechanics,Section not found
Chapter 19: Biomechanics,Section not found
Chapter 19: Biomechanics,Section not found
Chapter 19: Biomechanics,Section not found
Chapter 19: Biomechanics,Section not found
Chapter 19: Biomechanics,Section not found
Chapter 19: Biomechanics,Section not found
Chapter 19: Biomechanics,Section not found
Chapter 19: Biomechanics,Section not found
Chapter 19: Biomechanics,Section not found
Chapter 19: Biomechanics,Section not found
Chapter 19: Biomechanics,Section not found
Chapter 19: Biomechanics,Section not found
Chapter 19: Biomechanics,Section not found
Chapter 19: Biomechanics,Section not found
Chapter 19: Biomechanics,Section not found
Chapter 19: Biomechanics,Section not found
Chapter 19: Biomechanics,Section not found
Chapter 19: Biomechanics,Section not found
Chapter 19: Biomechanics,Section not found
Chapter 19: Biomechanics,Section not found
Chapter 19: Biomechanics,Section not found
Chapter 19: Biomechanics,Section not found
Chapter 19: Biomechanics,Section not found
Chapter 19: Biomechanics,Section not found
Chapter 19: Biomechanics,Section not found
Chapter 19: Biomechanics,Section not found
Chapter 19: Biomechanics,Section not found
Chapter 19: Biomechanics,Section not found
Chapter 19: Biomechanics,Section not found
Chapter 19: Biomechanics,Section not found
Chapter 19: Biomechanics,Section not found
Chapter 19: Biomechanics,Section not found
Chapter 19: Biomechanics,Section not found
Chapter 19: Biomechanics,Section not found
Chapter 19: Biomechanics,Section not found
Chapter 19: Biomechanics,Section not found
Chapter 19: Biomechanics,Section not found
Chapter 19: Biomechanics,Section not found
Chapter 19: Biomechanics,Section not found
Chapter 19: Biomechanics,Section not found
Chapter 19: Biomechanics,Section not found
Chapter 19: Biomechanics,Section not found
Chapter 19: Biomechanics,Section not found
Chapter 19: Biomechanics,Section not found
Chapter 19: Biomechanics,Section not found
Chapter 19: Biomechanics,Section not found
Chapter 19: Biomechanics,Section not found
Chapter 19: Biomechanics,Section not found
Chapter 19: Biomechanics,Section not found
Chapter 19: Biomechanics,Section not found
Chapter 19: Biomechanics,Section not found
Chapter 19: Biomechanics,Section not found
Chapter 20: Energy and Heat,Section not found
Chapter 20: Energy and Heat,Section not found
Chapter 20: Energy and Heat,Section not found
Chapter 20: Energy and Heat,Section not found
Chapter 20: Energy and Heat,Section not found
Chapter 20: Energy and Heat,Section not found
Chapter 20: Energy and Heat,Section not found
Chapter 20: Energy and Heat,Section not found
Chapter 20: Energy and Heat,Section not found
Chapter 20: Energy and Heat,Section not found
Chapter 20: Energy and Heat,Section not found
Chapter 20: Energy and Heat,Section not found
Chapter 20: Energy and Heat,Section not found
Chapter 20: Energy and Heat,Section not found
Chapter 20: Energy and Heat,Section not found
Chapter 20: Energy and Heat,Section not found
Chapter 20: Energy and Heat,Section not found
Chapter 20: Energy and Heat,Section not found
Chapter 20: Energy and Heat,Section not found
Chapter 20: Energy and Heat,Section not found
Chapter 20: Energy and Heat,Section not found
Chapter 20: Energy and Heat,Section not found
Chapter 20: Energy and Heat,Section not found
Chapter 20: Energy and Heat,Section not found
Chapter 20: Energy and Heat,Section not found
Chapter 20: Energy and Heat,Section not found
Chapter 20: Energy and Heat,Section not found
Chapter 20: Energy and Heat,Section not found
Chapter 20: Energy and Heat,Section not found
Chapter 20: Energy and Heat,Section not found
Chapter 20: Energy and Heat,Section not found
Chapter 20: Energy and Heat,Section not found
Chapter 20: Energy and Heat,Section not found
Chapter 20: Energy and Heat,Section not found
Chapter 20: Energy and Heat,Section not found
Chapter 20: Energy and Heat,Section not found
Chapter 20: Energy and Heat,Section not found
Chapter 20: Energy and Heat,Section not found
Chapter 20: Energy and Heat,Section not found
Chapter 20: Energy and Heat,Section not found
Chapter 20: Energy and Heat,Section not found
Chapter 20: Energy and Heat,Section not found
Chapter 20: Energy and Heat,Section not found
Chapter 20: Energy and Heat,Section not found
Chapter 20: Energy and Heat,Section not found
Chapter 20: Energy and Heat,Section not found
Chapter 20: Energy and Heat,Section not found
Chapter 20: Energy and Heat,Section not found
Chapter 20: Energy and Heat,Section not found
Chapter 20: Energy and Heat,Section not found
Chapter 20: Energy and Heat,Section not found
Chapter 20: Energy and Heat,Section not found
Chapter 20: Energy and Heat,Section not found
Chapter 20: Energy and Heat,Section not found
Chapter 20: Energy and Heat,Section not found
Chapter 20: Energy and Heat,Section not found
Chapter 20: Energy and Heat,Section not found
Chapter 20: Energy and Heat,Section not found
Chapter 20: Energy and Heat,Section not found
Chapter 20: Energy and Heat,Section not found
Chapter 20: Energy and Heat,Section not found
Chapter 20: Energy and Heat,Section not found
Chapter 20: Energy and Heat,Section not found
Chapter 20: Energy and Heat,Section not found
Chapter 20: Energy and Heat,Section not found
Chapter 20: Energy and Heat,Section not found
Chapter 20: Energy and Heat,Section not found
